dataset,queries,method,depth,metric,mean,paired_difference_from_full,paired_difference_ci95_low,paired_difference_ci95_high,primary_eligible,candidate_union_contains_full,membership_exact,ordered_exact,ordered_exact_ci95_low,ordered_exact_ci95_high,longest_exact_prefix,full_membership_recall,source_sha256
nfcorpus,323,dense,,nDCG@10,0.33693292112848044,-0.029601382584529885,-0.044346130510803834,-0.014968137310744114,1,,,,,,,,88b09d6eb8de130805a0ca25629f629aa17872f9c545c808461124594686e32b
nfcorpus,323,dense,,MRR@10,0.5283564302914148,-0.049823087129588675,-0.08227225539338541,-0.0172264914737825,1,,,,,,,,88b09d6eb8de130805a0ca25629f629aa17872f9c545c808461124594686e32b
nfcorpus,323,dense,,Recall@100,0.30593750484589893,-0.01093650040364733,-0.02213277131413239,0.0008388813324993623,1,,,,,,,,88b09d6eb8de130805a0ca25629f629aa17872f9c545c808461124594686e32b
nfcorpus,323,sparse,,nDCG@10,0.32062545526782454,-0.045908848445185856,-0.06049856331352395,-0.032493352701231534,1,,,,,,,,88b09d6eb8de130805a0ca25629f629aa17872f9c545c808461124594686e32b
nfcorpus,323,sparse,,MRR@10,0.5215194849869773,-0.056660032434026245,-0.0822421863482235,-0.03199886972332793,1,,,,,,,,88b09d6eb8de130805a0ca25629f629aa17872f9c545c808461124594686e32b
nfcorpus,323,sparse,,Recall@100,0.24778597163433808,-0.06908803361520822,-0.0850578903274882,-0.054416786159173704,1,,,,,,,,88b09d6eb8de130805a0ca25629f629aa17872f9c545c808461124594686e32b
nfcorpus,323,fixed-L10,10,nDCG@10,0.3574239881325731,-0.009110315580437293,-0.017111499005614268,-0.0012505373402475568,1,0.0,0.0,0.0,0.0,0.011753278897220798,3.931888544891641,0.5876160990712075,88b09d6eb8de130805a0ca25629f629aa17872f9c545c808461124594686e32b
nfcorpus,323,fixed-L10,10,MRR@10,0.5706619489901223,-0.0075175684308811256,-0.019737456386063196,0.004252082411912131,1,0.0,0.0,0.0,0.0,0.011753278897220798,3.931888544891641,0.5876160990712075,88b09d6eb8de130805a0ca25629f629aa17872f9c545c808461124594686e32b
nfcorpus,323,fixed-L10,10,Recall@100,0.19299718765015764,-0.12387681759938864,-0.13973503555214725,-0.10858910724574686,0,0.0,0.0,0.0,0.0,0.011753278897220798,3.931888544891641,0.5876160990712075,88b09d6eb8de130805a0ca25629f629aa17872f9c545c808461124594686e32b
nfcorpus,323,fixed-L20,20,nDCG@10,0.3611579240165682,-0.0053763796964421216,-0.011593709609726695,0.0007797852314950537,1,0.3684210526315789,0.2631578947368421,0.13003095975232198,0.09765774532001283,0.17110087281136727,7.164086687306502,0.7623839009287926,88b09d6eb8de130805a0ca25629f629aa17872f9c545c808461124594686e32b
nfcorpus,323,fixed-L20,20,MRR@10,0.5699714973708782,-0.008208020050125314,-0.01794827141382869,0.0004363236522679227,1,0.3684210526315789,0.2631578947368421,0.13003095975232198,0.09765774532001283,0.17110087281136727,7.164086687306502,0.7623839009287926,88b09d6eb8de130805a0ca25629f629aa17872f9c545c808461124594686e32b
nfcorpus,323,fixed-L20,20,Recall@100,0.23842457468463957,-0.07844943056490675,-0.09047526081046306,-0.06711910834669184,0,0.3684210526315789,0.2631578947368421,0.13003095975232198,0.09765774532001283,0.17110087281136727,7.164086687306502,0.7623839009287926,88b09d6eb8de130805a0ca25629f629aa17872f9c545c808461124594686e32b
nfcorpus,323,fixed-L50,50,nDCG@10,0.36252756671596015,-0.004006736997050223,-0.007978003253889022,-0.0004232573538584104,1,0.9752321981424149,0.3591331269349845,0.23839009287925697,0.19516818720288698,0.2877615469569592,11.386996904024768,0.8620743034055727,88b09d6eb8de130805a0ca25629f629aa17872f9c545c808461124594686e32b
nfcorpus,323,fixed-L50,50,MRR@10,0.5692859599980343,-0.008893557422969187,-0.0174015922158337,-0.0025000921421200065,1,0.9752321981424149,0.3591331269349845,0.23839009287925697,0.19516818720288698,0.2877615469569592,11.386996904024768,0.8620743034055727,88b09d6eb8de130805a0ca25629f629aa17872f9c545c808461124594686e32b
nfcorpus,323,fixed-L50,50,Recall@100,0.29770418605607885,-0.019169819193467438,-0.024409498702759904,-0.013950493189828802,0,0.9752321981424149,0.3591331269349845,0.23839009287925697,0.19516818720288698,0.2877615469569592,11.386996904024768,0.8620743034055727,88b09d6eb8de130805a0ca25629f629aa17872f9c545c808461124594686e32b
nfcorpus,323,fixed-L100,100,nDCG@10,0.36345562686308786,-0.003078676849922506,-0.0061250567736034255,-0.0006252566465393619,1,1.0,0.5572755417956656,0.44891640866873067,0.3955908440117758,0.5034427727176616,14.455108359133128,0.9280185758513931,88b09d6eb8de130805a0ca25629f629aa17872f9c545c808461124594686e32b
nfcorpus,323,fixed-L100,100,MRR@10,0.5698719838812718,-0.008307533539731684,-0.016563467492260064,-0.002244582043343653,1,1.0,0.5572755417956656,0.44891640866873067,0.3955908440117758,0.5034427727176616,14.455108359133128,0.9280185758513931,88b09d6eb8de130805a0ca25629f629aa17872f9c545c808461124594686e32b
nfcorpus,323,fixed-L100,100,Recall@100,0.31475402585788204,-0.002119979391664276,-0.006390163216837345,0.0020043608543878688,1,1.0,0.5572755417956656,0.44891640866873067,0.3955908440117758,0.5034427727176616,14.455108359133128,0.9280185758513931,88b09d6eb8de130805a0ca25629f629aa17872f9c545c808461124594686e32b
nfcorpus,323,fixed-L200,200,nDCG@10,0.3646832437838022,-0.0018510599292081876,-0.0045081990065009205,0.0001450772105454988,1,1.0,0.739938080495356,0.6439628482972136,0.5903324603186635,0.6942091652620128,16.58513931888545,0.9704334365325079,88b09d6eb8de130805a0ca25629f629aa17872f9c545c808461124594686e32b
nfcorpus,323,fixed-L200,200,MRR@10,0.5721165659246155,-0.006062951496388029,-0.013415892672858618,-0.0007739938080495357,1,1.0,0.739938080495356,0.6439628482972136,0.5903324603186635,0.6942091652620128,16.58513931888545,0.9704334365325079,88b09d6eb8de130805a0ca25629f629aa17872f9c545c808461124594686e32b
nfcorpus,323,fixed-L200,200,Recall@100,0.31734596415431665,0.00047195890477038326,-0.0033586409159521206,0.004271445332275432,1,1.0,0.739938080495356,0.6439628482972136,0.5903324603186635,0.6942091652620128,16.58513931888545,0.9704334365325079,88b09d6eb8de130805a0ca25629f629aa17872f9c545c808461124594686e32b
nfcorpus,323,fixed-L500,500,nDCG@10,0.36619015999796756,-0.00034414371504277666,-0.001680750154039804,0.0005849174695375159,1,1.0,0.8730650154798761,0.7678018575851393,0.7187706822727418,0.8105379330547529,17.88235294117647,0.9908668730650155,88b09d6eb8de130805a0ca25629f629aa17872f9c545c808461124594686e32b
nfcorpus,323,fixed-L500,500,MRR@10,0.5768895277409208,-0.0012899896800825593,-0.0046439628482972135,0.0007739938080495354,1,1.0,0.8730650154798761,0.7678018575851393,0.7187706822727418,0.8105379330547529,17.88235294117647,0.9908668730650155,88b09d6eb8de130805a0ca25629f629aa17872f9c545c808461124594686e32b
nfcorpus,323,fixed-L500,500,Recall@100,0.3163640310899262,-0.0005099741596200426,-0.0015416259098513805,0.0005029892433148574,1,1.0,0.8730650154798761,0.7678018575851393,0.7187706822727418,0.8105379330547529,17.88235294117647,0.9908668730650155,88b09d6eb8de130805a0ca25629f629aa17872f9c545c808461124594686e32b
nfcorpus,323,fixed-L1000,1000,nDCG@10,0.36619387943367865,-0.0003404242793317339,-0.0016539172753428485,0.000595642929083827,1,1.0,0.9287925696594427,0.8421052631578947,0.7983486505531631,0.8778201586224225,18.57894736842105,0.9959752321981425,88b09d6eb8de130805a0ca25629f629aa17872f9c545c808461124594686e32b
nfcorpus,323,fixed-L1000,1000,MRR@10,0.5766315298049043,-0.0015479876160990713,-0.0046439628482972135,0.0,1,1.0,0.9287925696594427,0.8421052631578947,0.7983486505531631,0.8778201586224225,18.57894736842105,0.9959752321981425,88b09d6eb8de130805a0ca25629f629aa17872f9c545c808461124594686e32b
nfcorpus,323,fixed-L1000,1000,Recall@100,0.31655816318278523,-0.00031584206676110125,-0.0008572259256207904,0.00016274712379184912,1,1.0,0.9287925696594427,0.8421052631578947,0.7983486505531631,0.8778201586224225,18.57894736842105,0.9959752321981425,88b09d6eb8de130805a0ca25629f629aa17872f9c545c808461124594686e32b
nfcorpus,323,fixed-L2000,2000,nDCG@10,0.36650413921177066,-3.0164501239654408e-05,-9.049350371896323e-05,0.0,1,1.0,0.9659442724458205,0.9226006191950464,0.888240529355002,0.9470268231560157,19.405572755417957,0.998297213622291,88b09d6eb8de130805a0ca25629f629aa17872f9c545c808461124594686e32b
nfcorpus,323,fixed-L2000,2000,MRR@10,0.5781795174210034,0.0,0.0,0.0,1,1.0,0.9659442724458205,0.9226006191950464,0.888240529355002,0.9470268231560157,19.405572755417957,0.998297213622291,88b09d6eb8de130805a0ca25629f629aa17872f9c545c808461124594686e32b
nfcorpus,323,fixed-L2000,2000,Recall@100,0.31703562378626315,0.00016161853671683646,0.0,0.00038815330980450564,1,1.0,0.9659442724458205,0.9226006191950464,0.888240529355002,0.9470268231560157,19.405572755417957,0.998297213622291,88b09d6eb8de130805a0ca25629f629aa17872f9c545c808461124594686e32b
nfcorpus,323,fixed-L5000,5000,nDCG@10,0.3665343037130104,0.0,0.0,0.0,1,1.0,1.0,1.0,0.9882467211027792,1.0,20.0,1.0,88b09d6eb8de130805a0ca25629f629aa17872f9c545c808461124594686e32b
nfcorpus,323,fixed-L5000,5000,MRR@10,0.5781795174210034,0.0,0.0,0.0,1,1.0,1.0,1.0,0.9882467211027792,1.0,20.0,1.0,88b09d6eb8de130805a0ca25629f629aa17872f9c545c808461124594686e32b
nfcorpus,323,fixed-L5000,5000,Recall@100,0.3168740052495463,0.0,0.0,0.0,1,1.0,1.0,1.0,0.9882467211027792,1.0,20.0,1.0,88b09d6eb8de130805a0ca25629f629aa17872f9c545c808461124594686e32b
nfcorpus,323,full-wrrf,,nDCG@10,0.3665343037130104,0.0,0.0,0.0,1,,,,,,,,88b09d6eb8de130805a0ca25629f629aa17872f9c545c808461124594686e32b
nfcorpus,323,full-wrrf,,MRR@10,0.5781795174210034,0.0,0.0,0.0,1,,,,,,,,88b09d6eb8de130805a0ca25629f629aa17872f9c545c808461124594686e32b
nfcorpus,323,full-wrrf,,Recall@100,0.3168740052495463,0.0,0.0,0.0,1,,,,,,,,88b09d6eb8de130805a0ca25629f629aa17872f9c545c808461124594686e32b
scifact,300,dense,,nDCG@10,0.7200042547439368,-0.02415355437761381,-0.048011040085831486,-5.609968924683367e-05,1,,,,,,,,f319018e85013dc6a333d4a5038af6bd88d5473be3872a3609658ff09b8a497f
scifact,300,dense,,MRR@10,0.6844708994708995,-0.026694444444444448,-0.054393386243386244,0.0014778108465608416,1,,,,,,,,f319018e85013dc6a333d4a5038af6bd88d5473be3872a3609658ff09b8a497f
scifact,300,dense,,Recall@100,0.9533333333333334,-0.008333333333333333,-0.03166666666666667,0.015,1,,,,,,,,f319018e85013dc6a333d4a5038af6bd88d5473be3872a3609658ff09b8a497f
scifact,300,sparse,,nDCG@10,0.6795098277652055,-0.06464798135634514,-0.08744843618961569,-0.042857718663123996,1,,,,,,,,f319018e85013dc6a333d4a5038af6bd88d5473be3872a3609658ff09b8a497f
scifact,300,sparse,,MRR@10,0.6457142857142858,-0.0654510582010582,-0.09209867724867725,-0.04007113095238096,1,,,,,,,,f319018e85013dc6a333d4a5038af6bd88d5473be3872a3609658ff09b8a497f
scifact,300,sparse,,Recall@100,0.9253333333333335,-0.036333333333333336,-0.060333333333333336,-0.014666666666666668,1,,,,,,,,f319018e85013dc6a333d4a5038af6bd88d5473be3872a3609658ff09b8a497f
scifact,300,fixed-L10,10,nDCG@10,0.7380422344459997,-0.006115574675551018,-0.018757117912270378,0.006517774938827865,1,0.0,0.0,0.0,8.673617379884035e-19,0.012642971224546034,3.5,0.5856666666666667,f319018e85013dc6a333d4a5038af6bd88d5473be3872a3609658ff09b8a497f
scifact,300,fixed-L10,10,MRR@10,0.7071653439153439,-0.004000000000000001,-0.013725132275132277,0.005019014550264544,1,0.0,0.0,0.0,8.673617379884035e-19,0.012642971224546034,3.5,0.5856666666666667,f319018e85013dc6a333d4a5038af6bd88d5473be3872a3609658ff09b8a497f
scifact,300,fixed-L10,10,Recall@100,0.9002222222222223,-0.06144444444444445,-0.08844444444444444,-0.03744444444444445,0,0.0,0.0,0.0,8.673617379884035e-19,0.012642971224546034,3.5,0.5856666666666667,f319018e85013dc6a333d4a5038af6bd88d5473be3872a3609658ff09b8a497f
scifact,300,fixed-L20,20,nDCG@10,0.7399942579312869,-0.004163551190263633,-0.015168229925795609,0.0062559667237252125,1,0.10333333333333333,0.0033333333333333335,0.0033333333333333335,0.0005886577218511581,0.018636693694531237,5.8,0.6846666666666666,f319018e85013dc6a333d4a5038af6bd88d5473be3872a3609658ff09b8a497f
scifact,300,fixed-L20,20,MRR@10,0.7064880952380952,-0.004677248677248677,-0.013295436507936508,0.002503968253968254,1,0.10333333333333333,0.0033333333333333335,0.0033333333333333335,0.0005886577218511581,0.018636693694531237,5.8,0.6846666666666666,f319018e85013dc6a333d4a5038af6bd88d5473be3872a3609658ff09b8a497f
scifact,300,fixed-L20,20,Recall@100,0.9303333333333335,-0.03133333333333333,-0.051666666666666666,-0.014666666666666668,0,0.10333333333333333,0.0033333333333333335,0.0033333333333333335,0.0005886577218511581,0.018636693694531237,5.8,0.6846666666666666,f319018e85013dc6a333d4a5038af6bd88d5473be3872a3609658ff09b8a497f
scifact,300,fixed-L50,50,nDCG@10,0.7442501145190544,9.23053975037517e-05,-0.004077603300163388,0.004143392792164188,1,0.96,0.08666666666666667,0.08666666666666667,0.05982889751804311,0.12395595869424827,11.223333333333333,0.8118333333333334,f319018e85013dc6a333d4a5038af6bd88d5473be3872a3609658ff09b8a497f
scifact,300,fixed-L50,50,MRR@10,0.7113518518518519,0.0001865079365079365,-0.001654861111111111,0.0020080357142857126,1,0.96,0.08666666666666667,0.08666666666666667,0.05982889751804311,0.12395595869424827,11.223333333333333,0.8118333333333334,f319018e85013dc6a333d4a5038af6bd88d5473be3872a3609658ff09b8a497f
scifact,300,fixed-L50,50,Recall@100,0.9633333333333334,0.0016666666666666668,-0.01,0.013333333333333334,0,0.96,0.08666666666666667,0.08666666666666667,0.05982889751804311,0.12395595869424827,11.223333333333333,0.8118333333333334,f319018e85013dc6a333d4a5038af6bd88d5473be3872a3609658ff09b8a497f
scifact,300,fixed-L100,100,nDCG@10,0.7397729261989315,-0.004384882922619096,-0.008829327367063539,-0.0010515495892857625,1,1.0,0.4166666666666667,0.4166666666666667,0.3622760916643604,0.4731644035397305,15.616666666666667,0.9088333333333333,f319018e85013dc6a333d4a5038af6bd88d5473be3872a3609658ff09b8a497f
scifact,300,fixed-L100,100,MRR@10,0.7093201058201059,-0.0018452380952380953,-0.00375,-0.0004166666666666667,1,1.0,0.4166666666666667,0.4166666666666667,0.3622760916643604,0.4731644035397305,15.616666666666667,0.9088333333333333,f319018e85013dc6a333d4a5038af6bd88d5473be3872a3609658ff09b8a497f
scifact,300,fixed-L100,100,Recall@100,0.9616666666666667,0.0,-0.01,0.01,1,1.0,0.4166666666666667,0.4166666666666667,0.3622760916643604,0.4731644035397305,15.616666666666667,0.9088333333333333,f319018e85013dc6a333d4a5038af6bd88d5473be3872a3609658ff09b8a497f
scifact,300,fixed-L200,200,nDCG@10,0.7441578091215507,0.0,0.0,0.0,1,1.0,0.6766666666666666,0.6766666666666666,0.6217915462510746,0.7270746039162523,17.966666666666665,0.9638333333333334,f319018e85013dc6a333d4a5038af6bd88d5473be3872a3609658ff09b8a497f
scifact,300,fixed-L200,200,MRR@10,0.7111653439153439,0.0,0.0,0.0,1,1.0,0.6766666666666666,0.6766666666666666,0.6217915462510746,0.7270746039162523,17.966666666666665,0.9638333333333334,f319018e85013dc6a333d4a5038af6bd88d5473be3872a3609658ff09b8a497f
scifact,300,fixed-L200,200,Recall@100,0.9616666666666667,0.0,0.0,0.0,1,1.0,0.6766666666666666,0.6766666666666666,0.6217915462510746,0.7270746039162523,17.966666666666665,0.9638333333333334,f319018e85013dc6a333d4a5038af6bd88d5473be3872a3609658ff09b8a497f
scifact,300,fixed-L500,500,nDCG@10,0.7441578091215507,0.0,0.0,0.0,1,1.0,0.8566666666666667,0.8533333333333334,0.8088374877749912,0.8888948125596631,19.17,0.9881666666666669,f319018e85013dc6a333d4a5038af6bd88d5473be3872a3609658ff09b8a497f
scifact,300,fixed-L500,500,MRR@10,0.7111653439153439,0.0,0.0,0.0,1,1.0,0.8566666666666667,0.8533333333333334,0.8088374877749912,0.8888948125596631,19.17,0.9881666666666669,f319018e85013dc6a333d4a5038af6bd88d5473be3872a3609658ff09b8a497f
scifact,300,fixed-L500,500,Recall@100,0.965,0.0033333333333333335,0.0,0.01,1,1.0,0.8566666666666667,0.8533333333333334,0.8088374877749912,0.8888948125596631,19.17,0.9881666666666669,f319018e85013dc6a333d4a5038af6bd88d5473be3872a3609658ff09b8a497f
scifact,300,fixed-L1000,1000,nDCG@10,0.7441578091215507,0.0,0.0,0.0,1,1.0,0.9266666666666666,0.9133333333333333,0.8760440413057516,0.9401711024819569,19.61,0.9954999999999999,f319018e85013dc6a333d4a5038af6bd88d5473be3872a3609658ff09b8a497f
scifact,300,fixed-L1000,1000,MRR@10,0.7111653439153439,0.0,0.0,0.0,1,1.0,0.9266666666666666,0.9133333333333333,0.8760440413057516,0.9401711024819569,19.61,0.9954999999999999,f319018e85013dc6a333d4a5038af6bd88d5473be3872a3609658ff09b8a497f
scifact,300,fixed-L1000,1000,Recall@100,0.9616666666666667,0.0,0.0,0.0,1,1.0,0.9266666666666666,0.9133333333333333,0.8760440413057516,0.9401711024819569,19.61,0.9954999999999999,f319018e85013dc6a333d4a5038af6bd88d5473be3872a3609658ff09b8a497f
scifact,300,fixed-L2000,2000,nDCG@10,0.7441578091215507,0.0,0.0,0.0,1,1.0,0.99,0.97,0.9439774608583589,0.9841381461905676,19.88,0.9993333333333334,f319018e85013dc6a333d4a5038af6bd88d5473be3872a3609658ff09b8a497f
scifact,300,fixed-L2000,2000,MRR@10,0.7111653439153439,0.0,0.0,0.0,1,1.0,0.99,0.97,0.9439774608583589,0.9841381461905676,19.88,0.9993333333333334,f319018e85013dc6a333d4a5038af6bd88d5473be3872a3609658ff09b8a497f
scifact,300,fixed-L2000,2000,Recall@100,0.9616666666666667,0.0,0.0,0.0,1,1.0,0.99,0.97,0.9439774608583589,0.9841381461905676,19.88,0.9993333333333334,f319018e85013dc6a333d4a5038af6bd88d5473be3872a3609658ff09b8a497f
scifact,300,fixed-L5000,5000,nDCG@10,0.7441578091215507,0.0,0.0,0.0,1,1.0,1.0,1.0,0.9873570287754538,0.9999999999999998,20.0,1.0,f319018e85013dc6a333d4a5038af6bd88d5473be3872a3609658ff09b8a497f
scifact,300,fixed-L5000,5000,MRR@10,0.7111653439153439,0.0,0.0,0.0,1,1.0,1.0,1.0,0.9873570287754538,0.9999999999999998,20.0,1.0,f319018e85013dc6a333d4a5038af6bd88d5473be3872a3609658ff09b8a497f
scifact,300,fixed-L5000,5000,Recall@100,0.9616666666666667,0.0,0.0,0.0,1,1.0,1.0,1.0,0.9873570287754538,0.9999999999999998,20.0,1.0,f319018e85013dc6a333d4a5038af6bd88d5473be3872a3609658ff09b8a497f
scifact,300,full-wrrf,,nDCG@10,0.7441578091215507,0.0,0.0,0.0,1,,,,,,,,f319018e85013dc6a333d4a5038af6bd88d5473be3872a3609658ff09b8a497f
scifact,300,full-wrrf,,MRR@10,0.7111653439153439,0.0,0.0,0.0,1,,,,,,,,f319018e85013dc6a333d4a5038af6bd88d5473be3872a3609658ff09b8a497f
scifact,300,full-wrrf,,Recall@100,0.9616666666666667,0.0,0.0,0.0,1,,,,,,,,f319018e85013dc6a333d4a5038af6bd88d5473be3872a3609658ff09b8a497f
trec-covid,50,dense,,nDCG@10,0.6648920400442723,-0.14097893790057037,-0.19927176187998027,-0.08396785043822526,1,,,,,,,,870f4fb5fed0817b8acb598244b502e4a5180d5c467d1c4bec867125b7f04782
trec-covid,50,dense,,MRR@10,0.8778888888888889,-0.10877777777777778,-0.18111666666666668,-0.044991666666666784,1,,,,,,,,870f4fb5fed0817b8acb598244b502e4a5180d5c467d1c4bec867125b7f04782
trec-covid,50,dense,,Recall@100,0.12332948666217719,-0.015913745651255716,-0.02472547640953505,-0.007354304485415355,1,,,,,,,,870f4fb5fed0817b8acb598244b502e4a5180d5c467d1c4bec867125b7f04782
trec-covid,50,sparse,,nDCG@10,0.595211627643749,-0.2106593503010935,-0.2604430711996993,-0.16003165689055818,1,,,,,,,,870f4fb5fed0817b8acb598244b502e4a5180d5c467d1c4bec867125b7f04782
trec-covid,50,sparse,,MRR@10,0.8561904761904762,-0.13047619047619047,-0.21142857142857147,-0.05833333333333334,1,,,,,,,,870f4fb5fed0817b8acb598244b502e4a5180d5c467d1c4bec867125b7f04782
trec-covid,50,sparse,,Recall@100,0.10844561102698651,-0.030797621286446416,-0.039273950502578175,-0.022674285850736692,1,,,,,,,,870f4fb5fed0817b8acb598244b502e4a5180d5c467d1c4bec867125b7f04782
trec-covid,50,fixed-L10,10,nDCG@10,0.6624068034302959,-0.14346417451454652,-0.19322981726304647,-0.09410498560095627,1,0.0,0.0,0.0,6.938893903907228e-18,0.07134759913335872,1.16,0.5589999999999999,870f4fb5fed0817b8acb598244b502e4a5180d5c467d1c4bec867125b7f04782
trec-covid,50,fixed-L10,10,MRR@10,0.8883333333333334,-0.09833333333333334,-0.16833333333333336,-0.04,1,0.0,0.0,0.0,6.938893903907228e-18,0.07134759913335872,1.16,0.5589999999999999,870f4fb5fed0817b8acb598244b502e4a5180d5c467d1c4bec867125b7f04782
trec-covid,50,fixed-L10,10,Recall@100,0.03149107397542357,-0.10775215833800936,-0.12296194100286913,-0.09389632212365827,0,0.0,0.0,0.0,6.938893903907228e-18,0.07134759913335872,1.16,0.5589999999999999,870f4fb5fed0817b8acb598244b502e4a5180d5c467d1c4bec867125b7f04782
trec-covid,50,fixed-L20,20,nDCG@10,0.6894283892608509,-0.11644258868399149,-0.16320754066207946,-0.07111680078358426,1,0.06,0.02,0.0,6.938893903907228e-18,0.07134759913335872,2.6,0.604,870f4fb5fed0817b8acb598244b502e4a5180d5c467d1c4bec867125b7f04782
trec-covid,50,fixed-L20,20,MRR@10,0.9466666666666665,-0.04,-0.09,0.0,1,0.06,0.02,0.0,6.938893903907228e-18,0.07134759913335872,2.6,0.604,870f4fb5fed0817b8acb598244b502e4a5180d5c467d1c4bec867125b7f04782
trec-covid,50,fixed-L20,20,Recall@100,0.05683853651367889,-0.08240469579975404,-0.09415499584973497,-0.07150564743000834,0,0.06,0.02,0.0,6.938893903907228e-18,0.07134759913335872,2.6,0.604,870f4fb5fed0817b8acb598244b502e4a5180d5c467d1c4bec867125b7f04782
trec-covid,50,fixed-L50,50,nDCG@10,0.7483810350807459,-0.05748994286409672,-0.08367850073144327,-0.03221927042085859,1,0.82,0.02,0.0,6.938893903907228e-18,0.07134759913335872,6.52,0.7130000000000001,870f4fb5fed0817b8acb598244b502e4a5180d5c467d1c4bec867125b7f04782
trec-covid,50,fixed-L50,50,MRR@10,0.99,0.0033333333333333335,0.0,0.01,1,0.82,0.02,0.0,6.938893903907228e-18,0.07134759913335872,6.52,0.7130000000000001,870f4fb5fed0817b8acb598244b502e4a5180d5c467d1c4bec867125b7f04782
trec-covid,50,fixed-L50,50,Recall@100,0.11820956016640556,-0.02103367214702735,-0.025201091261171708,-0.017250462901743077,0,0.82,0.02,0.0,6.938893903907228e-18,0.07134759913335872,6.52,0.7130000000000001,870f4fb5fed0817b8acb598244b502e4a5180d5c467d1c4bec867125b7f04782
trec-covid,50,fixed-L100,100,nDCG@10,0.7924862428298242,-0.013384735115018465,-0.028086445213177665,0.0002574336212000855,1,1.0,0.18,0.16,0.08337420678033404,0.2851421606303499,10.88,0.8680000000000001,870f4fb5fed0817b8acb598244b502e4a5180d5c467d1c4bec867125b7f04782
trec-covid,50,fixed-L100,100,MRR@10,0.9866666666666666,0.0,0.0,0.0,1,1.0,0.18,0.16,0.08337420678033404,0.2851421606303499,10.88,0.8680000000000001,870f4fb5fed0817b8acb598244b502e4a5180d5c467d1c4bec867125b7f04782
trec-covid,50,fixed-L100,100,Recall@100,0.12961026943230997,-0.009632962881122935,-0.011882692407677137,-0.007474717953388683,1,1.0,0.18,0.16,0.08337420678033404,0.2851421606303499,10.88,0.8680000000000001,870f4fb5fed0817b8acb598244b502e4a5180d5c467d1c4bec867125b7f04782
trec-covid,50,fixed-L200,200,nDCG@10,0.8070156854164132,0.0011447074715705708,-0.007836536686129325,0.009494876419533988,1,1.0,0.32,0.3,0.19103553500880954,0.437503504644534,13.36,0.925,870f4fb5fed0817b8acb598244b502e4a5180d5c467d1c4bec867125b7f04782
trec-covid,50,fixed-L200,200,MRR@10,0.9866666666666666,0.0,0.0,0.0,1,1.0,0.32,0.3,0.19103553500880954,0.437503504644534,13.36,0.925,870f4fb5fed0817b8acb598244b502e4a5180d5c467d1c4bec867125b7f04782
trec-covid,50,fixed-L200,200,Recall@100,0.1355117558289773,-0.0037314764844556233,-0.0053865713448878645,-0.0021180472563200182,1,1.0,0.32,0.3,0.19103553500880954,0.437503504644534,13.36,0.925,870f4fb5fed0817b8acb598244b502e4a5180d5c467d1c4bec867125b7f04782
trec-covid,50,fixed-L500,500,nDCG@10,0.8047146290594092,-0.001156348885433508,-0.00657948765372621,0.0035746304642303548,1,1.0,0.62,0.48,0.34797135286578046,0.6148825510995539,15.78,0.9720000000000002,870f4fb5fed0817b8acb598244b502e4a5180d5c467d1c4bec867125b7f04782
trec-covid,50,fixed-L500,500,MRR@10,0.9866666666666666,0.0,0.0,0.0,1,1.0,0.62,0.48,0.34797135286578046,0.6148825510995539,15.78,0.9720000000000002,870f4fb5fed0817b8acb598244b502e4a5180d5c467d1c4bec867125b7f04782
trec-covid,50,fixed-L500,500,Recall@100,0.13810275828750848,-0.0011404740259244382,-0.0020126449970776982,-0.0003357310561649256,1,1.0,0.62,0.48,0.34797135286578046,0.6148825510995539,15.78,0.9720000000000002,870f4fb5fed0817b8acb598244b502e4a5180d5c467d1c4bec867125b7f04782
trec-covid,50,fixed-L1000,1000,nDCG@10,0.8027796710608862,-0.0030913068839564296,-0.007874870763561588,0.000224771295461047,1,1.0,0.78,0.56,0.4230602802165686,0.6883780078874284,16.7,0.9880000000000001,870f4fb5fed0817b8acb598244b502e4a5180d5c467d1c4bec867125b7f04782
trec-covid,50,fixed-L1000,1000,MRR@10,0.9866666666666666,0.0,0.0,0.0,1,1.0,0.78,0.56,0.4230602802165686,0.6883780078874284,16.7,0.9880000000000001,870f4fb5fed0817b8acb598244b502e4a5180d5c467d1c4bec867125b7f04782
trec-covid,50,fixed-L1000,1000,Recall@100,0.13913098627209353,-0.00011224604133939595,-0.000809309335969986,0.0005915681672062856,1,1.0,0.78,0.56,0.4230602802165686,0.6883780078874284,16.7,0.9880000000000001,870f4fb5fed0817b8acb598244b502e4a5180d5c467d1c4bec867125b7f04782
trec-covid,50,fixed-L2000,2000,nDCG@10,0.8054838847266361,-0.00038709321820650677,-0.001319285769945755,0.00015800611532623465,1,1.0,0.86,0.6,0.4618143774758936,0.7239161026974346,17.7,0.9930000000000001,870f4fb5fed0817b8acb598244b502e4a5180d5c467d1c4bec867125b7f04782
trec-covid,50,fixed-L2000,2000,MRR@10,0.9866666666666666,0.0,0.0,0.0,1,1.0,0.86,0.6,0.4618143774758936,0.7239161026974346,17.7,0.9930000000000001,870f4fb5fed0817b8acb598244b502e4a5180d5c467d1c4bec867125b7f04782
trec-covid,50,fixed-L2000,2000,Recall@100,0.13983621530550572,0.000592982992072793,3.7438873542184025e-05,0.00121543841762065,1,1.0,0.86,0.6,0.4618143774758936,0.7239161026974346,17.7,0.9930000000000001,870f4fb5fed0817b8acb598244b502e4a5180d5c467d1c4bec867125b7f04782
trec-covid,50,fixed-L5000,5000,nDCG@10,0.8059236466499513,5.266870510874488e-05,0.0,0.00015800611532623465,1,1.0,1.0,0.78,0.6475845041874634,0.8724608402978559,18.66,1.0,870f4fb5fed0817b8acb598244b502e4a5180d5c467d1c4bec867125b7f04782
trec-covid,50,fixed-L5000,5000,MRR@10,0.9866666666666666,0.0,0.0,0.0,1,1.0,1.0,0.78,0.6475845041874634,0.8724608402978559,18.66,1.0,870f4fb5fed0817b8acb598244b502e4a5180d5c467d1c4bec867125b7f04782
trec-covid,50,fixed-L5000,5000,Recall@100,0.13953432754821254,0.00029109523477962115,6.0180264145373844e-05,0.0005575546769760791,1,1.0,1.0,0.78,0.6475845041874634,0.8724608402978559,18.66,1.0,870f4fb5fed0817b8acb598244b502e4a5180d5c467d1c4bec867125b7f04782
trec-covid,50,full-wrrf,,nDCG@10,0.8058709779448426,0.0,0.0,0.0,1,,,,,,,,870f4fb5fed0817b8acb598244b502e4a5180d5c467d1c4bec867125b7f04782
trec-covid,50,full-wrrf,,MRR@10,0.9866666666666666,0.0,0.0,0.0,1,,,,,,,,870f4fb5fed0817b8acb598244b502e4a5180d5c467d1c4bec867125b7f04782
trec-covid,50,full-wrrf,,Recall@100,0.1392432323134329,0.0,0.0,0.0,1,,,,,,,,870f4fb5fed0817b8acb598244b502e4a5180d5c467d1c4bec867125b7f04782
msmarco-passage-trec-dl-2019,43,dense,,nDCG@10,0.6902780590247055,0.009118254505994116,-0.04430040582676997,0.05503547523240248,1,,,,,,,,86c5b9477db775c57ac001fbadc0c84f78d4f7b27cb4571f124b5554e034f678
msmarco-passage-trec-dl-2019,43,dense,,MRR@10,0.9476744186046512,-0.020025839793281656,-0.0988372093023256,0.052971576227390176,1,,,,,,,,86c5b9477db775c57ac001fbadc0c84f78d4f7b27cb4571f124b5554e034f678
msmarco-passage-trec-dl-2019,43,dense,,Recall@100,0.5008934351726173,-0.06358845833284907,-0.11086206835656429,-0.023013831587764492,1,,,,,,,,86c5b9477db775c57ac001fbadc0c84f78d4f7b27cb4571f124b5554e034f678
msmarco-passage-trec-dl-2019,43,sparse,,nDCG@10,0.5113518660503957,-0.16980793846831563,-0.23019752876105581,-0.1123668958208848,1,,,,,,,,86c5b9477db775c57ac001fbadc0c84f78d4f7b27cb4571f124b5554e034f678
msmarco-passage-trec-dl-2019,43,sparse,,MRR@10,0.8349483204134367,-0.1327519379844961,-0.2435400516795866,-0.025177648578811607,1,,,,,,,,86c5b9477db775c57ac001fbadc0c84f78d4f7b27cb4571f124b5554e034f678
msmarco-passage-trec-dl-2019,43,sparse,,Recall@100,0.4569850162471929,-0.10749687725827348,-0.15257790777493604,-0.06082411897231577,1,,,,,,,,86c5b9477db775c57ac001fbadc0c84f78d4f7b27cb4571f124b5554e034f678
msmarco-passage-trec-dl-2019,43,fixed-L10,10,nDCG@10,0.6360752773560131,-0.04508452716269838,-0.07780032120278811,-0.01500271613697259,1,0.0,0.0,0.0,0.0,0.08200980322579117,2.558139534883721,0.6197674418604652,86c5b9477db775c57ac001fbadc0c84f78d4f7b27cb4571f124b5554e034f678
msmarco-passage-trec-dl-2019,43,fixed-L10,10,MRR@10,0.9379844961240309,-0.029715762273901807,-0.0710594315245478,0.005167958656330749,1,0.0,0.0,0.0,0.0,0.08200980322579117,2.558139534883721,0.6197674418604652,86c5b9477db775c57ac001fbadc0c84f78d4f7b27cb4571f124b5554e034f678
msmarco-passage-trec-dl-2019,43,fixed-L10,10,Recall@100,0.22198152387375478,-0.3425003696317116,-0.39176780863703087,-0.29284393717811685,0,0.0,0.0,0.0,0.0,0.08200980322579117,2.558139534883721,0.6197674418604652,86c5b9477db775c57ac001fbadc0c84f78d4f7b27cb4571f124b5554e034f678
msmarco-passage-trec-dl-2019,43,fixed-L20,20,nDCG@10,0.6537709294529146,-0.027388875065796795,-0.05339999836811166,-0.004647954013950967,1,0.06976744186046512,0.0,0.0,0.0,0.08200980322579117,4.813953488372093,0.7,86c5b9477db775c57ac001fbadc0c84f78d4f7b27cb4571f124b5554e034f678
msmarco-passage-trec-dl-2019,43,fixed-L20,20,MRR@10,0.96843853820598,0.0007382798080472499,0.0,0.0022148394241417496,1,0.06976744186046512,0.0,0.0,0.0,0.08200980322579117,4.813953488372093,0.7,86c5b9477db775c57ac001fbadc0c84f78d4f7b27cb4571f124b5554e034f678
msmarco-passage-trec-dl-2019,43,fixed-L20,20,Recall@100,0.3420241833009593,-0.2224577102045071,-0.25771222836781216,-0.1870011430108277,0,0.06976744186046512,0.0,0.0,0.0,0.08200980322579117,4.813953488372093,0.7,86c5b9477db775c57ac001fbadc0c84f78d4f7b27cb4571f124b5554e034f678
msmarco-passage-trec-dl-2019,43,fixed-L50,50,nDCG@10,0.6684190268978702,-0.012740777620841047,-0.03342780208609267,0.003373810724780393,1,0.9069767441860465,0.09302325581395349,0.09302325581395349,0.03677164063171276,0.21602703641253587,10.093023255813954,0.8046511627906977,86c5b9477db775c57ac001fbadc0c84f78d4f7b27cb4571f124b5554e034f678
msmarco-passage-trec-dl-2019,43,fixed-L50,50,MRR@10,0.9677002583979329,0.0,0.0,0.0,1,0.9069767441860465,0.09302325581395349,0.09302325581395349,0.03677164063171276,0.21602703641253587,10.093023255813954,0.8046511627906977,86c5b9477db775c57ac001fbadc0c84f78d4f7b27cb4571f124b5554e034f678
msmarco-passage-trec-dl-2019,43,fixed-L50,50,Recall@100,0.5148282935931833,-0.04965359991228315,-0.06335189461482844,-0.036344965734318384,0,0.9069767441860465,0.09302325581395349,0.09302325581395349,0.03677164063171276,0.21602703641253587,10.093023255813954,0.8046511627906977,86c5b9477db775c57ac001fbadc0c84f78d4f7b27cb4571f124b5554e034f678
msmarco-passage-trec-dl-2019,43,fixed-L100,100,nDCG@10,0.6729344445410075,-0.008225359977703763,-0.019126591224484964,0.0005996348555888783,1,1.0,0.4418604651162791,0.4418604651162791,0.30433309839170514,0.5889238554717591,14.046511627906977,0.8999999999999999,86c5b9477db775c57ac001fbadc0c84f78d4f7b27cb4571f124b5554e034f678
msmarco-passage-trec-dl-2019,43,fixed-L100,100,MRR@10,0.9677002583979329,0.0,0.0,0.0,1,1.0,0.4418604651162791,0.4418604651162791,0.30433309839170514,0.5889238554717591,14.046511627906977,0.8999999999999999,86c5b9477db775c57ac001fbadc0c84f78d4f7b27cb4571f124b5554e034f678
msmarco-passage-trec-dl-2019,43,fixed-L100,100,Recall@100,0.5467991040119052,-0.01768278949356115,-0.026794593963190425,-0.009286374782162835,1,1.0,0.4418604651162791,0.4418604651162791,0.30433309839170514,0.5889238554717591,14.046511627906977,0.8999999999999999,86c5b9477db775c57ac001fbadc0c84f78d4f7b27cb4571f124b5554e034f678
msmarco-passage-trec-dl-2019,43,fixed-L200,200,nDCG@10,0.6780034502422603,-0.0031563542764510193,-0.007883030995773492,0.0,1,1.0,0.5813953488372093,0.5813953488372093,0.4332857738696422,0.7161544907215082,16.511627906976745,0.9546511627906976,86c5b9477db775c57ac001fbadc0c84f78d4f7b27cb4571f124b5554e034f678
msmarco-passage-trec-dl-2019,43,fixed-L200,200,MRR@10,0.9677002583979329,0.0,0.0,0.0,1,1.0,0.5813953488372093,0.5813953488372093,0.4332857738696422,0.7161544907215082,16.511627906976745,0.9546511627906976,86c5b9477db775c57ac001fbadc0c84f78d4f7b27cb4571f124b5554e034f678
msmarco-passage-trec-dl-2019,43,fixed-L200,200,Recall@100,0.5548900901427416,-0.0095918033627247,-0.01700940752410989,-0.0027924648542301993,1,1.0,0.5813953488372093,0.5813953488372093,0.4332857738696422,0.7161544907215082,16.511627906976745,0.9546511627906976,86c5b9477db775c57ac001fbadc0c84f78d4f7b27cb4571f124b5554e034f678
msmarco-passage-trec-dl-2019,43,fixed-L500,500,nDCG@10,0.6807054741112377,-0.000454330407473559,-0.004010990224993178,0.0026479990025725006,1,1.0,0.813953488372093,0.7674418604651163,0.6225547970219101,0.8684632152061551,17.837209302325583,0.9848837209302326,86c5b9477db775c57ac001fbadc0c84f78d4f7b27cb4571f124b5554e034f678
msmarco-passage-trec-dl-2019,43,fixed-L500,500,MRR@10,0.9677002583979329,0.0,0.0,0.0,1,1.0,0.813953488372093,0.7674418604651163,0.6225547970219101,0.8684632152061551,17.837209302325583,0.9848837209302326,86c5b9477db775c57ac001fbadc0c84f78d4f7b27cb4571f124b5554e034f678
msmarco-passage-trec-dl-2019,43,fixed-L500,500,Recall@100,0.563126833896287,-0.001355059609179306,-0.004005236379177858,0.001119293277403996,1,1.0,0.813953488372093,0.7674418604651163,0.6225547970219101,0.8684632152061551,17.837209302325583,0.9848837209302326,86c5b9477db775c57ac001fbadc0c84f78d4f7b27cb4571f124b5554e034f678
msmarco-passage-trec-dl-2019,43,fixed-L1000,1000,nDCG@10,0.6808134483937153,-0.00034635612499595275,-0.0009178202397117138,0.0,1,1.0,0.8604651162790697,0.7906976744186046,0.6479435728926356,0.885771657790044,18.27906976744186,0.9930232558139536,86c5b9477db775c57ac001fbadc0c84f78d4f7b27cb4571f124b5554e034f678
msmarco-passage-trec-dl-2019,43,fixed-L1000,1000,MRR@10,0.9677002583979329,0.0,0.0,0.0,1,1.0,0.8604651162790697,0.7906976744186046,0.6479435728926356,0.885771657790044,18.27906976744186,0.9930232558139536,86c5b9477db775c57ac001fbadc0c84f78d4f7b27cb4571f124b5554e034f678
msmarco-passage-trec-dl-2019,43,fixed-L1000,1000,Recall@100,0.5643985368934312,-8.33566120351908e-05,-0.001034593002549375,0.000788057842797054,1,1.0,0.8604651162790697,0.7906976744186046,0.6479435728926356,0.885771657790044,18.27906976744186,0.9930232558139536,86c5b9477db775c57ac001fbadc0c84f78d4f7b27cb4571f124b5554e034f678
msmarco-passage-trec-dl-2019,43,fixed-L2000,2000,nDCG@10,0.6810385563834351,-0.00012124813527614445,-0.00036374440582843335,0.0,1,1.0,0.9069767441860465,0.8837209302325582,0.7552083818991787,0.9492957226019584,18.906976744186046,0.9953488372093022,86c5b9477db775c57ac001fbadc0c84f78d4f7b27cb4571f124b5554e034f678
msmarco-passage-trec-dl-2019,43,fixed-L2000,2000,MRR@10,0.9677002583979329,0.0,0.0,0.0,1,1.0,0.9069767441860465,0.8837209302325582,0.7552083818991787,0.9492957226019584,18.906976744186046,0.9953488372093022,86c5b9477db775c57ac001fbadc0c84f78d4f7b27cb4571f124b5554e034f678
msmarco-passage-trec-dl-2019,43,fixed-L2000,2000,Recall@100,0.5643145854914124,-0.00016730801405387343,-0.0005019240421616203,0.0,1,1.0,0.9069767441860465,0.8837209302325582,0.7552083818991787,0.9492957226019584,18.906976744186046,0.9953488372093022,86c5b9477db775c57ac001fbadc0c84f78d4f7b27cb4571f124b5554e034f678
msmarco-passage-trec-dl-2019,43,fixed-L5000,5000,nDCG@10,0.6811598045187113,0.0,0.0,0.0,1,1.0,0.9767441860465116,0.9534883720930233,0.8454450199593603,0.9871507399056197,19.511627906976745,0.9988372093023257,86c5b9477db775c57ac001fbadc0c84f78d4f7b27cb4571f124b5554e034f678
msmarco-passage-trec-dl-2019,43,fixed-L5000,5000,MRR@10,0.9677002583979329,0.0,0.0,0.0,1,1.0,0.9767441860465116,0.9534883720930233,0.8454450199593603,0.9871507399056197,19.511627906976745,0.9988372093023257,86c5b9477db775c57ac001fbadc0c84f78d4f7b27cb4571f124b5554e034f678
msmarco-passage-trec-dl-2019,43,fixed-L5000,5000,Recall@100,0.5644818935054663,0.0,0.0,0.0,1,1.0,0.9767441860465116,0.9534883720930233,0.8454450199593603,0.9871507399056197,19.511627906976745,0.9988372093023257,86c5b9477db775c57ac001fbadc0c84f78d4f7b27cb4571f124b5554e034f678
msmarco-passage-trec-dl-2019,43,full-wrrf,,nDCG@10,0.6811598045187113,0.0,0.0,0.0,1,,,,,,,,86c5b9477db775c57ac001fbadc0c84f78d4f7b27cb4571f124b5554e034f678
msmarco-passage-trec-dl-2019,43,full-wrrf,,MRR@10,0.9677002583979329,0.0,0.0,0.0,1,,,,,,,,86c5b9477db775c57ac001fbadc0c84f78d4f7b27cb4571f124b5554e034f678
msmarco-passage-trec-dl-2019,43,full-wrrf,,Recall@100,0.5644818935054663,0.0,0.0,0.0,1,,,,,,,,86c5b9477db775c57ac001fbadc0c84f78d4f7b27cb4571f124b5554e034f678
msmarco-passage-trec-dl-2020,54,dense,,nDCG@10,0.6959288133289948,0.07167674048652985,0.027981881011349265,0.11713969855853246,1,,,,,,,,6b3ab93491cb8288082c32b27161bfdfd906e3a364464e089332f498c284bd63
msmarco-passage-trec-dl-2020,54,dense,,MRR@10,0.9462962962962963,0.014609053497942389,-0.018930041152263374,0.057201646090534984,1,,,,,,,,6b3ab93491cb8288082c32b27161bfdfd906e3a364464e089332f498c284bd63
msmarco-passage-trec-dl-2020,54,dense,,Recall@100,0.5408195463540211,-0.08282260153284884,-0.12083594731276706,-0.04708615264706343,1,,,,,,,,6b3ab93491cb8288082c32b27161bfdfd906e3a364464e089332f498c284bd63
msmarco-passage-trec-dl-2020,54,sparse,,nDCG@10,0.47827794707002497,-0.14597412577243987,-0.19663601194712282,-0.09602336992703085,1,,,,,,,,6b3ab93491cb8288082c32b27161bfdfd906e3a364464e089332f498c284bd63
msmarco-passage-trec-dl-2020,54,sparse,,MRR@10,0.83940329218107,-0.09228395061728395,-0.18641975308641975,-0.0005144032921810723,1,,,,,,,,6b3ab93491cb8288082c32b27161bfdfd906e3a364464e089332f498c284bd63
msmarco-passage-trec-dl-2020,54,sparse,,Recall@100,0.4846540684401277,-0.1389880794467423,-0.18787751450300166,-0.09527279461745834,1,,,,,,,,6b3ab93491cb8288082c32b27161bfdfd906e3a364464e089332f498c284bd63
msmarco-passage-trec-dl-2020,54,fixed-L10,10,nDCG@10,0.6319958508033288,0.00774377796086384,-0.02485863820087414,0.04004416367341586,1,0.0,0.0,0.0,0.0,0.0664135880908964,3.1481481481481484,0.6064814814814815,6b3ab93491cb8288082c32b27161bfdfd906e3a364464e089332f498c284bd63
msmarco-passage-trec-dl-2020,54,fixed-L10,10,MRR@10,0.9115961199294532,-0.02009112286890065,-0.05661375661375661,0.01128747795414462,1,0.0,0.0,0.0,0.0,0.0664135880908964,3.1481481481481484,0.6064814814814815,6b3ab93491cb8288082c32b27161bfdfd906e3a364464e089332f498c284bd63
msmarco-passage-trec-dl-2020,54,fixed-L10,10,Recall@100,0.28899448689256013,-0.33464766099430987,-0.3821410841812409,-0.28676940586013877,0,0.0,0.0,0.0,0.0,0.0664135880908964,3.1481481481481484,0.6064814814814815,6b3ab93491cb8288082c32b27161bfdfd906e3a364464e089332f498c284bd63
msmarco-passage-trec-dl-2020,54,fixed-L20,20,nDCG@10,0.6424099060225612,0.018157833180096283,-0.006371648870324454,0.04435089815496415,1,0.2037037037037037,0.037037037037037035,0.0,0.0,0.0664135880908964,5.851851851851852,0.6953703703703704,6b3ab93491cb8288082c32b27161bfdfd906e3a364464e089332f498c284bd63
msmarco-passage-trec-dl-2020,54,fixed-L20,20,MRR@10,0.9404320987654321,0.00874485596707819,0.0,0.023662551440329218,1,0.2037037037037037,0.037037037037037035,0.0,0.0,0.0664135880908964,5.851851851851852,0.6953703703703704,6b3ab93491cb8288082c32b27161bfdfd906e3a364464e089332f498c284bd63
msmarco-passage-trec-dl-2020,54,fixed-L20,20,Recall@100,0.4061196987434797,-0.2175224491433903,-0.2534949839267609,-0.18093813933077132,0,0.2037037037037037,0.037037037037037035,0.0,0.0,0.0664135880908964,5.851851851851852,0.6953703703703704,6b3ab93491cb8288082c32b27161bfdfd906e3a364464e089332f498c284bd63
msmarco-passage-trec-dl-2020,54,fixed-L50,50,nDCG@10,0.6325393242983417,0.008287251455876813,-0.008084806301936562,0.02468120188562855,1,0.9814814814814815,0.14814814814814814,0.12962962962962962,0.06423720747326257,0.2442173022236977,9.88888888888889,0.7962962962962963,6b3ab93491cb8288082c32b27161bfdfd906e3a364464e089332f498c284bd63
msmarco-passage-trec-dl-2020,54,fixed-L50,50,MRR@10,0.9335390946502058,0.001851851851851852,0.0,0.005555555555555557,1,0.9814814814814815,0.14814814814814814,0.12962962962962962,0.06423720747326257,0.2442173022236977,9.88888888888889,0.7962962962962963,6b3ab93491cb8288082c32b27161bfdfd906e3a364464e089332f498c284bd63
msmarco-passage-trec-dl-2020,54,fixed-L50,50,Recall@100,0.5740494113690523,-0.04959273651781767,-0.0627558873800517,-0.036451402056013986,0,0.9814814814814815,0.14814814814814814,0.12962962962962962,0.06423720747326257,0.2442173022236977,9.88888888888889,0.7962962962962963,6b3ab93491cb8288082c32b27161bfdfd906e3a364464e089332f498c284bd63
msmarco-passage-trec-dl-2020,54,fixed-L100,100,nDCG@10,0.617904732392245,-0.006347340450219881,-0.013595464609998971,6.442775825481126e-05,1,1.0,0.35185185185185186,0.3148148148148148,0.20679280660052918,0.44743444824795103,13.944444444444445,0.9027777777777778,6b3ab93491cb8288082c32b27161bfdfd906e3a364464e089332f498c284bd63
msmarco-passage-trec-dl-2020,54,fixed-L100,100,MRR@10,0.9296296296296297,-0.0020576131687242796,-0.006172839506172839,0.0,1,1.0,0.35185185185185186,0.3148148148148148,0.20679280660052918,0.44743444824795103,13.944444444444445,0.9027777777777778,6b3ab93491cb8288082c32b27161bfdfd906e3a364464e089332f498c284bd63
msmarco-passage-trec-dl-2020,54,fixed-L100,100,Recall@100,0.6116690449068076,-0.011973102980062413,-0.018641638250474466,-0.005363647925153735,1,1.0,0.35185185185185186,0.3148148148148148,0.20679280660052918,0.44743444824795103,13.944444444444445,0.9027777777777778,6b3ab93491cb8288082c32b27161bfdfd906e3a364464e089332f498c284bd63
msmarco-passage-trec-dl-2020,54,fixed-L200,200,nDCG@10,0.6190474562937901,-0.005204616548674778,-0.010112336804555446,-0.0012168719197612218,1,1.0,0.5555555555555556,0.5370370370370371,0.40605356021011496,0.6631009888201891,16.64814814814815,0.9462962962962963,6b3ab93491cb8288082c32b27161bfdfd906e3a364464e089332f498c284bd63
msmarco-passage-trec-dl-2020,54,fixed-L200,200,MRR@10,0.9296296296296297,-0.0020576131687242796,-0.006172839506172839,0.0,1,1.0,0.5555555555555556,0.5370370370370371,0.40605356021011496,0.6631009888201891,16.64814814814815,0.9462962962962963,6b3ab93491cb8288082c32b27161bfdfd906e3a364464e089332f498c284bd63
msmarco-passage-trec-dl-2020,54,fixed-L200,200,Recall@100,0.614058535631357,-0.009583612255512988,-0.014927757778495013,-0.004180029641589768,1,1.0,0.5555555555555556,0.5370370370370371,0.40605356021011496,0.6631009888201891,16.64814814814815,0.9462962962962963,6b3ab93491cb8288082c32b27161bfdfd906e3a364464e089332f498c284bd63
msmarco-passage-trec-dl-2020,54,fixed-L500,500,nDCG@10,0.6254302355868899,0.0011781627444250316,0.0,0.0035344882332750942,1,1.0,0.7592592592592593,0.7222222222222222,0.5910955707120475,0.8238317234697763,18.203703703703702,0.9824074074074075,6b3ab93491cb8288082c32b27161bfdfd906e3a364464e089332f498c284bd63
msmarco-passage-trec-dl-2020,54,fixed-L500,500,MRR@10,0.9316872427983539,0.0,0.0,0.0,1,1.0,0.7592592592592593,0.7222222222222222,0.5910955707120475,0.8238317234697763,18.203703703703702,0.9824074074074075,6b3ab93491cb8288082c32b27161bfdfd906e3a364464e089332f498c284bd63
msmarco-passage-trec-dl-2020,54,fixed-L500,500,Recall@100,0.6213688676473235,-0.0022732802395464885,-0.007166015915727993,0.0023915767012932755,1,1.0,0.7592592592592593,0.7222222222222222,0.5910955707120475,0.8238317234697763,18.203703703703702,0.9824074074074075,6b3ab93491cb8288082c32b27161bfdfd906e3a364464e089332f498c284bd63
msmarco-passage-trec-dl-2020,54,fixed-L1000,1000,nDCG@10,0.6254302355868899,0.0011781627444250316,0.0,0.0035344882332750942,1,1.0,0.8703703703703703,0.8333333333333334,0.7126348577027084,0.9097560835700274,18.944444444444443,0.9916666666666666,6b3ab93491cb8288082c32b27161bfdfd906e3a364464e089332f498c284bd63
msmarco-passage-trec-dl-2020,54,fixed-L1000,1000,MRR@10,0.9316872427983539,0.0,0.0,0.0,1,1.0,0.8703703703703703,0.8333333333333334,0.7126348577027084,0.9097560835700274,18.944444444444443,0.9916666666666666,6b3ab93491cb8288082c32b27161bfdfd906e3a364464e089332f498c284bd63
msmarco-passage-trec-dl-2020,54,fixed-L1000,1000,Recall@100,0.62305721647572,-0.0005849314111498805,-0.004613594097467084,0.003237227797973423,1,1.0,0.8703703703703703,0.8333333333333334,0.7126348577027084,0.9097560835700274,18.944444444444443,0.9916666666666666,6b3ab93491cb8288082c32b27161bfdfd906e3a364464e089332f498c284bd63
msmarco-passage-trec-dl-2020,54,fixed-L2000,2000,nDCG@10,0.6242520728424649,0.0,0.0,0.0,1,1.0,0.9259259259259259,0.8888888888888888,0.7780529897881872,0.9480697750300044,19.5,0.9962962962962962,6b3ab93491cb8288082c32b27161bfdfd906e3a364464e089332f498c284bd63
msmarco-passage-trec-dl-2020,54,fixed-L2000,2000,MRR@10,0.9316872427983539,0.0,0.0,0.0,1,1.0,0.9259259259259259,0.8888888888888888,0.7780529897881872,0.9480697750300044,19.5,0.9962962962962962,6b3ab93491cb8288082c32b27161bfdfd906e3a364464e089332f498c284bd63
msmarco-passage-trec-dl-2020,54,fixed-L2000,2000,Recall@100,0.6229259032917595,-0.0007162445951105737,-0.003472222222222222,0.0009416633127973374,1,1.0,0.9259259259259259,0.8888888888888888,0.7780529897881872,0.9480697750300044,19.5,0.9962962962962962,6b3ab93491cb8288082c32b27161bfdfd906e3a364464e089332f498c284bd63
msmarco-passage-trec-dl-2020,54,fixed-L5000,5000,nDCG@10,0.6242520728424649,0.0,0.0,0.0,1,1.0,0.9814814814814815,0.9259259259259259,0.8244588416140005,0.9708184722344951,19.62962962962963,0.9990740740740741,6b3ab93491cb8288082c32b27161bfdfd906e3a364464e089332f498c284bd63
msmarco-passage-trec-dl-2020,54,fixed-L5000,5000,MRR@10,0.9316872427983539,0.0,0.0,0.0,1,1.0,0.9814814814814815,0.9259259259259259,0.8244588416140005,0.9708184722344951,19.62962962962963,0.9990740740740741,6b3ab93491cb8288082c32b27161bfdfd906e3a364464e089332f498c284bd63
msmarco-passage-trec-dl-2020,54,fixed-L5000,5000,Recall@100,0.6238923981371203,0.0002502502502502518,0.0,0.0007507507507507554,1,1.0,0.9814814814814815,0.9259259259259259,0.8244588416140005,0.9708184722344951,19.62962962962963,0.9990740740740741,6b3ab93491cb8288082c32b27161bfdfd906e3a364464e089332f498c284bd63
msmarco-passage-trec-dl-2020,54,full-wrrf,,nDCG@10,0.6242520728424649,0.0,0.0,0.0,1,,,,,,,,6b3ab93491cb8288082c32b27161bfdfd906e3a364464e089332f498c284bd63
msmarco-passage-trec-dl-2020,54,full-wrrf,,MRR@10,0.9316872427983539,0.0,0.0,0.0,1,,,,,,,,6b3ab93491cb8288082c32b27161bfdfd906e3a364464e089332f498c284bd63
msmarco-passage-trec-dl-2020,54,full-wrrf,,Recall@100,0.62364214788687,0.0,0.0,0.0,1,,,,,,,,6b3ab93491cb8288082c32b27161bfdfd906e3a364464e089332f498c284bd63
