dataset,query_id,dynamic_median_ms,native_bulk_median_ms,paired_ratio,dynamic_wins,measured_repetitions,source_sha256
msmarco-passage-trec-dl-2019,1037798,13884.829125,20236.989125,0.6861114091249481,1,5,3679debddf2f37bc8cc4fd79d990cd94ce3a70122e7a68376d754b9ead8377ba
msmarco-passage-trec-dl-2019,104861,1103.70375,20764.589791,0.05315316898185865,1,5,3679debddf2f37bc8cc4fd79d990cd94ce3a70122e7a68376d754b9ead8377ba
msmarco-passage-trec-dl-2019,1063750,512.197,20733.33825,0.024704029511504254,1,5,3679debddf2f37bc8cc4fd79d990cd94ce3a70122e7a68376d754b9ead8377ba
msmarco-passage-trec-dl-2019,1103812,2018.965375,24183.549125,0.08348507345073156,1,5,3679debddf2f37bc8cc4fd79d990cd94ce3a70122e7a68376d754b9ead8377ba
msmarco-passage-trec-dl-2019,1106007,227.3175,19406.163875,0.011713675173733944,1,5,3679debddf2f37bc8cc4fd79d990cd94ce3a70122e7a68376d754b9ead8377ba
msmarco-passage-trec-dl-2019,1110199,3147.736917,19453.026291,0.16181219672007077,1,5,3679debddf2f37bc8cc4fd79d990cd94ce3a70122e7a68376d754b9ead8377ba
msmarco-passage-trec-dl-2019,1112341,1296.662834,20585.314083,0.06298970366795738,1,5,3679debddf2f37bc8cc4fd79d990cd94ce3a70122e7a68376d754b9ead8377ba
msmarco-passage-trec-dl-2019,1113437,215.206834,18058.533917,0.011917181925682675,1,5,3679debddf2f37bc8cc4fd79d990cd94ce3a70122e7a68376d754b9ead8377ba
msmarco-passage-trec-dl-2019,1114646,1003.745625,17653.307209,0.05685878646513731,1,5,3679debddf2f37bc8cc4fd79d990cd94ce3a70122e7a68376d754b9ead8377ba
msmarco-passage-trec-dl-2019,1114819,230.866542,19924.968625,0.011586795760889184,1,5,3679debddf2f37bc8cc4fd79d990cd94ce3a70122e7a68376d754b9ead8377ba
msmarco-passage-trec-dl-2019,1115776,284.100084,20260.751834,0.014022188629902944,1,5,3679debddf2f37bc8cc4fd79d990cd94ce3a70122e7a68376d754b9ead8377ba
msmarco-passage-trec-dl-2019,1117099,227.114834,18675.382458,0.012161187837023949,1,5,3679debddf2f37bc8cc4fd79d990cd94ce3a70122e7a68376d754b9ead8377ba
msmarco-passage-trec-dl-2019,1121402,249.700958,19098.455791,0.013074405634285347,1,5,3679debddf2f37bc8cc4fd79d990cd94ce3a70122e7a68376d754b9ead8377ba
msmarco-passage-trec-dl-2019,1121709,1317.187375,21337.141834,0.06173213756779305,1,5,3679debddf2f37bc8cc4fd79d990cd94ce3a70122e7a68376d754b9ead8377ba
msmarco-passage-trec-dl-2019,1124210,13873.223291,19543.281708,0.7098717348643154,1,5,3679debddf2f37bc8cc4fd79d990cd94ce3a70122e7a68376d754b9ead8377ba
msmarco-passage-trec-dl-2019,1129237,1029.99575,18260.582,0.05640541741769239,1,5,3679debddf2f37bc8cc4fd79d990cd94ce3a70122e7a68376d754b9ead8377ba
msmarco-passage-trec-dl-2019,1133167,1047.077834,19743.39125,0.05303434555600978,1,5,3679debddf2f37bc8cc4fd79d990cd94ce3a70122e7a68376d754b9ead8377ba
msmarco-passage-trec-dl-2019,130510,1034.875625,18767.035,0.05514326717033351,1,5,3679debddf2f37bc8cc4fd79d990cd94ce3a70122e7a68376d754b9ead8377ba
msmarco-passage-trec-dl-2019,131843,1607.269417,21792.043667,0.07375487318033924,1,5,3679debddf2f37bc8cc4fd79d990cd94ce3a70122e7a68376d754b9ead8377ba
msmarco-passage-trec-dl-2019,146187,227.079958,18209.02225,0.012470738674614996,1,5,3679debddf2f37bc8cc4fd79d990cd94ce3a70122e7a68376d754b9ead8377ba
msmarco-passage-trec-dl-2019,148538,819.382291,17504.479041,0.04680986443988396,1,5,3679debddf2f37bc8cc4fd79d990cd94ce3a70122e7a68376d754b9ead8377ba
msmarco-passage-trec-dl-2019,156493,257.820042,20036.602,0.01286745337358101,1,5,3679debddf2f37bc8cc4fd79d990cd94ce3a70122e7a68376d754b9ead8377ba
msmarco-passage-trec-dl-2019,168216,241.86975,19896.074625,0.01215665675560362,1,5,3679debddf2f37bc8cc4fd79d990cd94ce3a70122e7a68376d754b9ead8377ba
msmarco-passage-trec-dl-2019,182539,1022.637167,17640.531833,0.057970880735407355,1,5,3679debddf2f37bc8cc4fd79d990cd94ce3a70122e7a68376d754b9ead8377ba
msmarco-passage-trec-dl-2019,183378,1192.244875,21786.510042,0.05472399538529082,1,5,3679debddf2f37bc8cc4fd79d990cd94ce3a70122e7a68376d754b9ead8377ba
msmarco-passage-trec-dl-2019,19335,207.08575,17283.598666,0.01198163380218817,1,5,3679debddf2f37bc8cc4fd79d990cd94ce3a70122e7a68376d754b9ead8377ba
msmarco-passage-trec-dl-2019,207786,989.172333,21170.441625,0.046724218158580806,1,5,3679debddf2f37bc8cc4fd79d990cd94ce3a70122e7a68376d754b9ead8377ba
msmarco-passage-trec-dl-2019,264014,950.367583,19267.508708,0.04932488145732099,1,5,3679debddf2f37bc8cc4fd79d990cd94ce3a70122e7a68376d754b9ead8377ba
msmarco-passage-trec-dl-2019,359349,1032.934458,19657.196,0.05254739577302887,1,5,3679debddf2f37bc8cc4fd79d990cd94ce3a70122e7a68376d754b9ead8377ba
msmarco-passage-trec-dl-2019,405717,214.382458,17404.898667,0.012317363180428795,1,5,3679debddf2f37bc8cc4fd79d990cd94ce3a70122e7a68376d754b9ead8377ba
msmarco-passage-trec-dl-2019,443396,98444.959291,20970.803959,4.694381745376556,0,5,3679debddf2f37bc8cc4fd79d990cd94ce3a70122e7a68376d754b9ead8377ba
msmarco-passage-trec-dl-2019,451602,219.326375,19005.529458,0.011540134963600233,1,5,3679debddf2f37bc8cc4fd79d990cd94ce3a70122e7a68376d754b9ead8377ba
msmarco-passage-trec-dl-2019,47923,917.6135,17706.07775,0.05182477525266713,1,5,3679debddf2f37bc8cc4fd79d990cd94ce3a70122e7a68376d754b9ead8377ba
msmarco-passage-trec-dl-2019,489204,234.571,20725.760875,0.01131784745634821,1,5,3679debddf2f37bc8cc4fd79d990cd94ce3a70122e7a68376d754b9ead8377ba
msmarco-passage-trec-dl-2019,490595,224.371375,19787.930167,0.011338799617060526,1,5,3679debddf2f37bc8cc4fd79d990cd94ce3a70122e7a68376d754b9ead8377ba
msmarco-passage-trec-dl-2019,527433,258.869583,20830.239,0.01242758582846793,1,5,3679debddf2f37bc8cc4fd79d990cd94ce3a70122e7a68376d754b9ead8377ba
msmarco-passage-trec-dl-2019,573724,1040.826,19883.313375,0.05234670803452043,1,5,3679debddf2f37bc8cc4fd79d990cd94ce3a70122e7a68376d754b9ead8377ba
msmarco-passage-trec-dl-2019,833860,245.720459,20352.73025,0.012073095647695719,1,5,3679debddf2f37bc8cc4fd79d990cd94ce3a70122e7a68376d754b9ead8377ba
msmarco-passage-trec-dl-2019,855410,507271.231125,19813.027083,25.60291413320933,0,5,3679debddf2f37bc8cc4fd79d990cd94ce3a70122e7a68376d754b9ead8377ba
msmarco-passage-trec-dl-2019,87181,222.722541,20267.984625,0.010988884446126819,1,5,3679debddf2f37bc8cc4fd79d990cd94ce3a70122e7a68376d754b9ead8377ba
msmarco-passage-trec-dl-2019,87452,1084.019,20748.09475,0.052246676770164646,1,5,3679debddf2f37bc8cc4fd79d990cd94ce3a70122e7a68376d754b9ead8377ba
msmarco-passage-trec-dl-2019,915593,259.610958,21370.937833,0.012147850507483154,1,5,3679debddf2f37bc8cc4fd79d990cd94ce3a70122e7a68376d754b9ead8377ba
msmarco-passage-trec-dl-2019,962179,1233.187334,19830.578042,0.06218615167889618,1,5,3679debddf2f37bc8cc4fd79d990cd94ce3a70122e7a68376d754b9ead8377ba
msmarco-passage-trec-dl-2020,1030303,207.999584,17907.943041,0.011614934418977528,1,5,1a4adca03996fc83fcf4173dada618513c07fea7d75742d0ef62de2950250a51
msmarco-passage-trec-dl-2020,1037496,1018.975666,18154.155542,0.05612905891670805,1,5,1a4adca03996fc83fcf4173dada618513c07fea7d75742d0ef62de2950250a51
msmarco-passage-trec-dl-2020,1043135,235.356833,18310.949667,0.012853338427561742,1,5,1a4adca03996fc83fcf4173dada618513c07fea7d75742d0ef62de2950250a51
msmarco-passage-trec-dl-2020,1051399,2510.352416,18305.3505,0.13713763175416938,1,5,1a4adca03996fc83fcf4173dada618513c07fea7d75742d0ef62de2950250a51
msmarco-passage-trec-dl-2020,1064670,250.644708,18258.014958,0.013727927629404016,1,5,1a4adca03996fc83fcf4173dada618513c07fea7d75742d0ef62de2950250a51
msmarco-passage-trec-dl-2020,1071750,983.872625,19439.804,0.050611242016637616,1,5,1a4adca03996fc83fcf4173dada618513c07fea7d75742d0ef62de2950250a51
msmarco-passage-trec-dl-2020,1105792,2565.944958,18605.831875,0.13791078922129624,1,5,1a4adca03996fc83fcf4173dada618513c07fea7d75742d0ef62de2950250a51
msmarco-passage-trec-dl-2020,1106979,1001.205292,17867.651291,0.056034521588425604,1,5,1a4adca03996fc83fcf4173dada618513c07fea7d75742d0ef62de2950250a51
msmarco-passage-trec-dl-2020,1108651,244.061958,19365.261167,0.012603081151102763,1,5,1a4adca03996fc83fcf4173dada618513c07fea7d75742d0ef62de2950250a51
msmarco-passage-trec-dl-2020,1109707,894.415958,18912.777291,0.04729162429389071,1,5,1a4adca03996fc83fcf4173dada618513c07fea7d75742d0ef62de2950250a51
msmarco-passage-trec-dl-2020,1110678,227.535208,17736.889708,0.012828360087133717,1,5,1a4adca03996fc83fcf4173dada618513c07fea7d75742d0ef62de2950250a51
msmarco-passage-trec-dl-2020,1113256,1025.092333,17923.998083,0.05719105348333239,1,5,1a4adca03996fc83fcf4173dada618513c07fea7d75742d0ef62de2950250a51
msmarco-passage-trec-dl-2020,1115210,229.659875,18255.49625,0.012580313997216043,1,5,1a4adca03996fc83fcf4173dada618513c07fea7d75742d0ef62de2950250a51
msmarco-passage-trec-dl-2020,1116380,6327.620166,22195.338917,0.2850877920658155,1,5,1a4adca03996fc83fcf4173dada618513c07fea7d75742d0ef62de2950250a51
msmarco-passage-trec-dl-2020,1121353,304.038375,23791.233917,0.01277942859377082,1,5,1a4adca03996fc83fcf4173dada618513c07fea7d75742d0ef62de2950250a51
msmarco-passage-trec-dl-2020,1122767,935.966417,17722.37375,0.05281270049955921,1,5,1a4adca03996fc83fcf4173dada618513c07fea7d75742d0ef62de2950250a51
msmarco-passage-trec-dl-2020,1127540,210.925791,17631.728417,0.011962853896764398,1,5,1a4adca03996fc83fcf4173dada618513c07fea7d75742d0ef62de2950250a51
msmarco-passage-trec-dl-2020,1131069,1005.456,19161.878917,0.05247168110993445,1,5,1a4adca03996fc83fcf4173dada618513c07fea7d75742d0ef62de2950250a51
msmarco-passage-trec-dl-2020,1132532,220.798625,17895.41175,0.012338281347452091,1,5,1a4adca03996fc83fcf4173dada618513c07fea7d75742d0ef62de2950250a51
msmarco-passage-trec-dl-2020,1133579,1175.010833,18214.392209,0.06451002149933995,1,5,1a4adca03996fc83fcf4173dada618513c07fea7d75742d0ef62de2950250a51
msmarco-passage-trec-dl-2020,1136043,221.367917,17869.89975,0.012387753714175146,1,5,1a4adca03996fc83fcf4173dada618513c07fea7d75742d0ef62de2950250a51
msmarco-passage-trec-dl-2020,1136047,1042.908291,19962.545916,0.05224325070501694,1,5,1a4adca03996fc83fcf4173dada618513c07fea7d75742d0ef62de2950250a51
msmarco-passage-trec-dl-2020,1136962,244.468041,22151.758083,0.011036055923146477,1,5,1a4adca03996fc83fcf4173dada618513c07fea7d75742d0ef62de2950250a51
msmarco-passage-trec-dl-2020,118440,1424.534625,19122.471167,0.07449532084840298,1,5,1a4adca03996fc83fcf4173dada618513c07fea7d75742d0ef62de2950250a51
msmarco-passage-trec-dl-2020,121171,211.840667,19179.324375,0.011045262223946301,1,5,1a4adca03996fc83fcf4173dada618513c07fea7d75742d0ef62de2950250a51
msmarco-passage-trec-dl-2020,135802,7924.641959,19561.133959,0.40512180815335114,1,5,1a4adca03996fc83fcf4173dada618513c07fea7d75742d0ef62de2950250a51
msmarco-passage-trec-dl-2020,141630,225.791708,20089.267041,0.011239419912094543,1,5,1a4adca03996fc83fcf4173dada618513c07fea7d75742d0ef62de2950250a51
msmarco-passage-trec-dl-2020,156498,1046.834709,19833.249209,0.05278180584374262,1,5,1a4adca03996fc83fcf4173dada618513c07fea7d75742d0ef62de2950250a51
msmarco-passage-trec-dl-2020,169208,251.125541,22007.704334,0.011410801289802534,1,5,1a4adca03996fc83fcf4173dada618513c07fea7d75742d0ef62de2950250a51
msmarco-passage-trec-dl-2020,174463,4398.093833,22946.58725,0.1916665770418649,1,5,1a4adca03996fc83fcf4173dada618513c07fea7d75742d0ef62de2950250a51
msmarco-passage-trec-dl-2020,23849,886.199125,23991.29225,0.036938365627220436,1,5,1a4adca03996fc83fcf4173dada618513c07fea7d75742d0ef62de2950250a51
msmarco-passage-trec-dl-2020,258062,983.73075,20525.862917,0.04792640163182865,1,5,1a4adca03996fc83fcf4173dada618513c07fea7d75742d0ef62de2950250a51
msmarco-passage-trec-dl-2020,324585,5495.473,21471.568333,0.2559418536536951,1,5,1a4adca03996fc83fcf4173dada618513c07fea7d75742d0ef62de2950250a51
msmarco-passage-trec-dl-2020,330975,1075.709875,20513.913166,0.052438063196196726,1,5,1a4adca03996fc83fcf4173dada618513c07fea7d75742d0ef62de2950250a51
msmarco-passage-trec-dl-2020,332593,223.410792,19274.20475,0.011591180798263543,1,5,1a4adca03996fc83fcf4173dada618513c07fea7d75742d0ef62de2950250a51
msmarco-passage-trec-dl-2020,336901,1180.069791,19124.491625,0.06170463582192083,1,5,1a4adca03996fc83fcf4173dada618513c07fea7d75742d0ef62de2950250a51
msmarco-passage-trec-dl-2020,390360,235.367417,19406.84075,0.012128064533120878,1,5,1a4adca03996fc83fcf4173dada618513c07fea7d75742d0ef62de2950250a51
msmarco-passage-trec-dl-2020,405163,3190.250292,18297.257542,0.17435674634174095,1,5,1a4adca03996fc83fcf4173dada618513c07fea7d75742d0ef62de2950250a51
msmarco-passage-trec-dl-2020,42255,219.644417,17789.318875,0.012346982958896451,1,5,1a4adca03996fc83fcf4173dada618513c07fea7d75742d0ef62de2950250a51
msmarco-passage-trec-dl-2020,47210,963.074125,21524.733375,0.04474267384508311,1,5,1a4adca03996fc83fcf4173dada618513c07fea7d75742d0ef62de2950250a51
msmarco-passage-trec-dl-2020,555530,236.831042,20248.816709,0.011696043546818004,1,5,1a4adca03996fc83fcf4173dada618513c07fea7d75742d0ef62de2950250a51
msmarco-passage-trec-dl-2020,583468,1001.720333,19424.657917,0.05156952247397459,1,5,1a4adca03996fc83fcf4173dada618513c07fea7d75742d0ef62de2950250a51
msmarco-passage-trec-dl-2020,640502,264.209,19632.373875,0.013457822354149721,1,5,1a4adca03996fc83fcf4173dada618513c07fea7d75742d0ef62de2950250a51
msmarco-passage-trec-dl-2020,67316,1160.514875,19225.128959,0.060364478047192485,1,5,1a4adca03996fc83fcf4173dada618513c07fea7d75742d0ef62de2950250a51
msmarco-passage-trec-dl-2020,673670,209.3815,18268.709834,0.011461208914179526,1,5,1a4adca03996fc83fcf4173dada618513c07fea7d75742d0ef62de2950250a51
msmarco-passage-trec-dl-2020,701453,921.333333,18882.825584,0.048792132771732756,1,5,1a4adca03996fc83fcf4173dada618513c07fea7d75742d0ef62de2950250a51
msmarco-passage-trec-dl-2020,730539,235.2355,19124.895709,0.01229996249805955,1,5,1a4adca03996fc83fcf4173dada618513c07fea7d75742d0ef62de2950250a51
msmarco-passage-trec-dl-2020,768208,11778.384,20159.105125,0.5842711730985133,1,5,1a4adca03996fc83fcf4173dada618513c07fea7d75742d0ef62de2950250a51
msmarco-passage-trec-dl-2020,877809,243.098708,20316.031334,0.011965856126297704,1,5,1a4adca03996fc83fcf4173dada618513c07fea7d75742d0ef62de2950250a51
msmarco-passage-trec-dl-2020,911232,1111.485083,20085.678042,0.05533719502402846,1,5,1a4adca03996fc83fcf4173dada618513c07fea7d75742d0ef62de2950250a51
msmarco-passage-trec-dl-2020,914916,233.184583,19530.928583,0.011939247128422106,1,5,1a4adca03996fc83fcf4173dada618513c07fea7d75742d0ef62de2950250a51
msmarco-passage-trec-dl-2020,938400,1165.310708,24263.577375,0.04802715980375915,1,5,1a4adca03996fc83fcf4173dada618513c07fea7d75742d0ef62de2950250a51
msmarco-passage-trec-dl-2020,940547,246.752375,21656.380167,0.011393980577418998,1,5,1a4adca03996fc83fcf4173dada618513c07fea7d75742d0ef62de2950250a51
msmarco-passage-trec-dl-2020,997622,1046.749583,20298.325042,0.05156827377796604,1,5,1a4adca03996fc83fcf4173dada618513c07fea7d75742d0ef62de2950250a51
